method,diskCount,executionTime,solutionHeight,expandedNodes,frontierNodes
BPPV,3,0.0004445999948075041,7,18,36
BPPV,3,0.0004981000092811882,7,18,36
BPPV,3,0.0004498999915085733,7,21,42
BPPV,5,0.005554800009122118,31,211,422
BPA,5,0.003993999998783693,31,206,411
BPP,5,0.0024916999973356724,121,121,241
BPPV,7,1.2600211999961175,500,36194,72388
