{"total_layers": 4, "nodes_per_layer": [35, 10, 2, 10, 35], "learning_rate": 0.1, "activation_functions": [["RELU", null], ["LINEAL", null], ["SIGMOIDAL", 0.8]], "weights": [[[1.4214010797322452, 8.300801874070181, 1.7289166718459115, 1.533318347309472, -6.211004454912526, 0.43024666148983487, -19.168958700762325, 5.815177152282608, -0.9828243513770181, 1.008140025932357, 1.0714099728950686, 0.46174410883394457, -65.70916036249055, -0.4443550363355643, 0.9218751318673037, 0.9218390778574421, -2.071512167082299, 1.2759891808517132, 0.5189060402131473, -1.6431537732735717, 2.910386000407843, 6.524663555521989, -10.62729885048286, -5.970592653706369, -2.0195146102676667, 1.7008857875871033, 9.045676007218635, 12.44072358343268, -1.8397702272502097, 1.938995522957777, 0.13328860656717167, 1.2105751936278146, -0.04571350506232418, 0.4339839397893979, -2.0287322379260457], [-0.6337376008300826, 1.2642320154209412, 0.08830162279654419, 1.0593104165879188, 0.7314745038250094, -0.8311659097783435, -6.152177085491859, 2.8782799209435534, 5.401921626393451, 0.17257945416111398, 0.22898424016107344, 4.372136022918555, -0.27982562344131956, -2.687593570744184, -0.8585146704518667, -0.11065902338723888, -6.124141069212129, -0.6614349922798228, 3.451941261630698, -0.40239555815203604, 0.4235967699342593, 3.0053579278991247, -1.6161826651651054, -2.302988242547958, 3.428184886092585, -0.9382855040755917, -0.03422488736078533, -0.21430605575328943, -1.3161436949932255, -0.23597410622668946, -0.7990220912409782, 0.9911716980787155, -1.02980162563049, -0.8456678488438378, 1.269640797172588], [3.9654712705892146, 1.009969424095234, -2.0340978784069073, -1.1571760594140674, 1.0392027377767155, -1.4073105672337063, 3.7700090066988445, 13.10864317496333, 1.4555911861210709, 0.46732665621170244, -0.4422163466090482, 0.05308751994898184, -14.851657271054965, -2.044035647168927, -0.5991195274023283, 1.0930347568826944, 14.919903484242624, 1.0655005179660606, 1.9354420217146233, -2.552267314454138, 0.41913812152695573, -1.5328506685649836, -4.200570414680149, 1.0568326678802982, 2.738772681163456, 0.5152395911829496, -2.292800275027763, 1.8830833716748483, -0.8223650867119655, 2.2080277706553253, -0.3144428908688047, 0.3872553693533355, 0.6253892805269916, 0.30777858769592176, 0.9306352855417843], [-0.8042007295877922, 0.5185449242292011, -0.49644823184198045, 0.6876073234330926, -0.010506068713915892, -0.6041881090094429, 0.24681217526179686, 0.32102691325910415, -0.5394817291551612, 1.3592100576601263, 0.3609147820697959, -1.9616114285737047, 1.390888932175659, 2.231490017578744, -0.2549573866426775, 0.24518224830943583, -1.6772846559171268, -0.10242292149911358, -0.18790715105231948, 0.5323761277083376, 0.21140588770971727, 1.0488183548488224, 0.9995380871692917, -1.2132027642814012, 0.122445722890876, 0.7524626250560765, 1.8782843712596167, -4.224789141316518, 0.09595653971642282, -1.4715148347192677, -1.045955496606601, 0.5171406057108229, -0.21177629177123014, 0.5129534801760199, 1.879760164025654], [-0.8752230826447258, 0.21104751830680746, -0.05502460343159135, 0.9391287782632807, -0.5890722834222065, -0.15651557976197028, -3.644251012598251, 1.1747268624775933, 2.958344635101021, 0.24051899983209804, 0.2917026599081085, 1.6967921224968698, 0.457503598581724, 0.3250667783353227, 0.061826666573383295, 1.3278885681287003, 1.4418565877359102, 0.8198516471816539, -0.6787384577749789, -0.002028292901505916, -0.9801163763648599, -0.8092376783044604, -0.8045089847718383, -2.6407788912264323, 0.8097981096625828, -0.48941212267697265, 1.0516810817794728, 0.8231688302828288, -3.6732718221164333, 0.338389842663813, -0.07734232767474686, -0.16056454490776995, 0.16317940826584776, -0.8712051389661913, 0.9571138440406795], [1.815050998559125, -0.6814444457301111, 1.0575044811677552, -0.18744910300024104, -0.5292929964104356, 0.6569802047042017, 0.07275972501186234, 6.121342147506137, -3.297002538733741, -0.026231142490649312, 1.2945758655236483, 2.568808102657218, -3.446912644542537, -0.5510684976898927, 0.16054120251364165, 0.1415005191083425, -4.653354725023858, 1.2403768747432704, 1.2059030550947587, 2.603442302021375, -1.4123648489461587, -1.0806927871655811, -5.6240294962359165, 4.20839736138523, -3.6511727237272367, -1.88327388547115, 1.241611343457181, 4.622663493012458, -1.1726686336322059, -1.9561191715760853, 3.1263260350644733, -4.176283814382216, -2.336864613914178, 6.340375307886247, -2.2878261320820727], [-3.7568110601371814, 2.7065807601100174, -1.0272641062415213, -1.3183174266818793, 0.4847729793882094, -0.6853628128109828, -4.643116369760215, -1.089288353172733, 1.8287447985078795, -4.128085149159775, 4.891345299114499, 1.598089293843645, -2.3763152169657378, 3.1977272596437807, -0.1367062593957009, -1.988193470883171, 0.60956620748434, 2.698492275636414, -6.3810942236189705, -0.2596441754913039, 0.10233990910715968, -1.4577317938253205, 1.1980188750017966, 1.8852757192135625, -3.7078606913428107, 0.5882005981540763, 3.6350820672453468, -0.4113048240334032, -0.3454347319128588, -2.7686976190012134, -1.083439667886416, 1.9847968539810243, -1.852533493042238, -0.4528135724050757, 1.0882983081056274], [-0.8059335192310928, 0.4529802305147298, 0.454900652184412, -0.4110804970783336, -0.003427340285196756, -0.5647172052081051, -1.7652354489835793, 4.709055807778358, -2.535140603706013, -1.0812507563541713, 0.7882546782294935, 2.316902872132784, -2.9543066969332106, -0.730519152689811, -0.45480346618017686, 2.1189444613552766, 5.8099167091609925, -1.1707398361105026, 1.7634131776443316, -9.585580546778502, -3.3297696572780078, 7.551524178915064, -1.2166426922989186, 3.8581868250751366, 0.8863677476442534, -1.282124850733465, 1.5715587121555206, 2.0665111114350414, 1.9433418203630353, 1.0591736750677705, -0.6421509942163193, 0.24235666409104428, 0.16650840423571311, -1.3863128296790144, -8.626768006072519], [1.0452952259514892, -0.41135650307975313, -0.5600726415502945, 1.1058293009667377, -0.7012210538399157, 0.7195227679402335, -4.906660423249197, 4.452485315816902, -0.19804138459181786, 0.6605951020417145, -0.21832533224348977, 2.0156503758508197, -1.0509729708793383, 0.0008219162360916243, 0.14076557776644832, -2.3092852150756364, 2.0570888577752013, 0.2989836879542255, -1.12458489240566, 0.3451038969960758, -1.5439338806992426, -0.9185375106740358, 0.1811908529472711, -2.1875658810311336, 1.517686289514576, 1.2945532810994962, 1.187156514643581, 0.5314704145182714, -0.31175043625565313, -1.693953791456854, 0.542184219224521, -2.221813689233333, 1.0860516395547495, -0.5690757502392825, 0.43396798830001043], [-0.5283577591745566, -2.1015875155773758, -0.8370829807189988, 0.5571833541327574, 0.996903420212756, 4.149433726687355, 2.8266937518974538, -2.099610101599291, -2.160764351700131, 0.044793404511363155, -0.46760729936483403, 1.8847269522956132, 4.061084562363159, 2.412968009390336, 2.625936631940453, -7.1017393474414545, -4.847905530938213, 1.3450845275544505, 0.7780448148898924, 2.4003235650671497, 0.08765103131759103, -1.8981504467907757, 1.1097078702783092, 0.7848736685758331, -0.009136020946658996, 0.1402712489200389, -123.89398958137764, -2.6236568038309445, 1.4571283135062745, -2.0348035541899367, 0.883511642258904, -4.167112643113406, 1.710715700964997, 0.12251291206586656, 1.100441523298026]], [[-0.3482455889083206, 0.5949285713913381, -0.5562514781260093, -0.5963912131385374, 0.45227430259121487, 0.21540265516151064, 1.1054764407683841, -1.085166664445464, 0.009458551362242816, -0.1555716462119361], [-0.09236360672537473, 1.186914639524675, -0.6061633890354865, -0.46493223651762083, -1.8935608548859533, -0.4360030357281595, 1.9547982302942422, -0.019599754755439815, -0.6564161944906406, -0.16270662595648616]], [[-0.3428776162530353, 0.19964557430197308], [-0.7979857746397945, 0.7829411557420314], [1.069491986341476, -0.6258809228809197], [25.965566507245942, 1.118508712368796], [-0.09712779468939842, 1.7689180965949725], [0.0681138125807026, 